{
  "images" : [
    {
      "size" : "20x20",
      "idiom" : "iphone",
      "filename" : "appIcon20pt@2x.png",
      "scale" : "2x"
    },
    {
      "size" : "20x20",
      "idiom" : "iphone",
      "filename" : "appIcon20pt@3x.png",
      "scale" : "3x"
    },
    {
      "size" : "29x29",
      "idiom" : "iphone",
      "filename" : "appIcon29pt@1x.png",
      "scale" : "1x"
    },
    {
      "size" : "29x29",
      "idiom" : "iphone",
      "filename" : "appIcon29pt@2x.png",
      "scale" : "2x"
    },
    {
      "size" : "29x29",
      "idiom" : "iphone",
      "filename" : "appIcon29pt@3x.png",
      "scale" : "3x"
    },
    {
      "size" : "40x40",
      "idiom" : "iphone",
      "filename" : "appIcon40pt@2x.png",
      "scale" : "2x"
    },
    {
      "size" : "40x40",
      "idiom" : "iphone",
      "filename" : "appIcon40pt@3x.png",
      "scale" : "3x"
    },
    {
      "idiom" : "iphone",
      "size" : "57x57",
      "scale" : "1x"
    },
    {
      "idiom" : "iphone",
      "size" : "57x57",
      "scale" : "2x"
    },
    {
      "size" : "60x60",
      "idiom" : "iphone",
      "filename" : "appIcon60pt@2x.png",
      "scale" : "2x"
    },
    {
      "size" : "60x60",
      "idiom" : "iphone",
      "filename" : "appIcon60pt@3x.png",
      "scale" : "3x"
    },
    {
      "idiom" : "ipad",
      "size" : "20x20",
      "scale" : "1x"
    },
    {
      "idiom" : "ipad",
      "size" : "20x20",
      "scale" : "2x"
    },
    {
      "idiom" : "ipad",
      "size" : "29x29",
      "scale" : "1x"
    },
    {
      "idiom" : "ipad",
      "size" : "29x29",
      "scale" : "2x"
    },
    {
      "idiom" : "ipad",
      "size" : "40x40",
      "scale" : "1x"
    },
    {
      "idiom" : "ipad",
      "size" : "40x40",
      "scale" : "2x"
    },
    {
      "idiom" : "ipad",
      "size" : "50x50",
      "scale" : "1x"
    },
    {
      "idiom" : "ipad",
      "size" : "50x50",
      "scale" : "2x"
    },
    {
      "idiom" : "ipad",
      "size" : "72x72",
      "scale" : "1x"
    },
    {
      "idiom" : "ipad",
      "size" : "72x72",
      "scale" : "2x"
    },
    {
      "size" : "76x76",
      "idiom" : "ipad",
      "filename" : "appIcon76pt@1x.png",
      "scale" : "1x"
    },
    {
      "size" : "76x76",
      "idiom" : "ipad",
      "filename" : "appIcon76pt@2x.png",
      "scale" : "2x"
    },
    {
      "size" : "83.5x83.5",
      "idiom" : "ipad",
      "filename" : "appIcon83-5pt@2x.png",
      "scale" : "2x"
    },
    {
      "idiom" : "ios-marketing",
      "size" : "1024x1024",
      "scale" : "1x"
    }
  ],
  "info" : {
    "version" : 1,
    "author" : "xcode"
  }
}